processed_word,count
Игорь,1
Равил,1
Потреблен,1
Такер,1
Олушегун,1
Фридрих,1
Гидрометцентр,1
Марком,1
Ускорен,1
Един,1
Кубок,1
Побед,1
Ресурс,1
Сред,1
Евр,1
Подземн,1
Михаил,1
Мераб,1
Зимн,1
Готовьтесь,1
Приволжском,1
Государственн,1
Европейск,1
Президент,1
Двалишвил,1
Цен,1
Мятежник,1
Пекин,1
Урсул,1
Типичн,1
Ассоциац,1
Оскар,1
Тысяч,1
Миноборон,1
Гайнутдин,1
Красильников,1
Медведев,1
Аджад,1
Фридрихом,1
Центральном,1
Недовольств,1
Путч,1
Биньямин,1
Подъемник,1
Пол,1
Пеллегрин,1
Стал,1
Алань,1
Феттель,1
Британск,1
Поиск,1
Запорожск,1
Талон,1
Либ,1
Вперв,1
Себастьяном,1
Камбодж,1
Вал,1
Мэр,1
Роман,1
Фонд,1
Сотрудник,1
Третьяковк,1
Актер,1
Крымском,1
Никт,1
Швейцар,1
Франц,1
Костенк,1
Россиян,1
Альтушк,1
Обновленн,1
Южном,1
Пит,1
Мартин,1
Катар,1
Обстановк,1
Приволь,1
Завершен,1
Эрмитаж,1
Инициатив,1
Умн,1
Декабрьск,1
Бакар,1
Ланд,1
Уровень,1
Россиянин,1
Новост,1
Алонс,1
Швейцарск,1
Карлсон,1
Украинск,1
Стратег,1
Лувр,1
Ангарск,1
Турист,1
Главн,1
Хегсет,1
Пентагон,1
Дохийског,1
Макс,1
Рейтинг,1
Фернанд,1
Асаад,1
Эмманюэль,1
Серг,1
